synthetic_record_id,ps,timestamp,zone_id,event_phase,source_id,measurement_value,quality_score,confidence,missingness_flag,anomaly_flag,latency_seconds,temperature_c,humidity_pct,source_method,verification_status,data_lineage
SEVA_SYN_006252,SEVAK AI,2025-03-07 03:00:00,35,post_event,185,104.211,1.0,0.8846,False,False,13.5,28.07,45.17,manual,unverified,SYNTHETIC_DEVELOPMENT_DATA
SEVA_SYN_004684,SEVAK AI,2025-02-18 19:00:00,55,peak,139,87.147,1.0,0.8863,False,False,16.55,27.3,52.64,synthetic_augmentation,sample_checked,SYNTHETIC_DEVELOPMENT_DATA
SEVA_SYN_001731,SEVAK AI,2025-01-19 00:45:00,44,event,38,213.58,1.0,1.0,False,False,12.56,17.66,69.48,synthetic_augmentation,verified,SYNTHETIC_DEVELOPMENT_DATA
SEVA_SYN_004742,SEVAK AI,2025-02-19 09:30:00,97,event,273,250.54,1.0,1.0,False,False,9.3,25.92,86.14,synthetic_augmentation,sample_checked,SYNTHETIC_DEVELOPMENT_DATA
SEVA_SYN_004521,SEVAK AI,2025-02-17 02:15:00,26,normal,440,94.248,0.9259,0.7248,False,False,6.19,23.88,56.98,system_log,unverified,SYNTHETIC_DEVELOPMENT_DATA
SEVA_SYN_006340,SEVAK AI,2025-03-08 01:00:00,61,normal,118,99.029,1.0,1.0,False,False,35.69,31.37,46.78,sensor,verified,SYNTHETIC_DEVELOPMENT_DATA
SEVA_SYN_000576,SEVAK AI,2025-01-07 00:00:00,88,normal,303,124.747,0.9603,0.7842,False,False,15.8,30.98,66.87,synthetic_augmentation,unverified,SYNTHETIC_DEVELOPMENT_DATA
SEVA_SYN_005202,SEVAK AI,2025-02-24 04:30:00,87,normal,469,154.831,0.994,0.863,False,False,10.26,31.26,50.61,sensor,sample_checked,SYNTHETIC_DEVELOPMENT_DATA
SEVA_SYN_006363,SEVAK AI,2025-03-08 06:45:00,47,normal,257,90.95,1.0,1.0,False,False,37.07,24.08,51.74,system_log,unverified,SYNTHETIC_DEVELOPMENT_DATA
SEVA_SYN_000439,SEVAK AI,2025-01-05 13:45:00,75,post_event,433,134.42,0.8518,0.8388,False,False,36.65,31.67,55.51,manual,unverified,SYNTHETIC_DEVELOPMENT_DATA
SEVA_SYN_002750,SEVAK AI,2025-01-29 15:30:00,76,normal,107,80.407,0.8277,0.9045,False,False,20.8,25.71,60.77,system_log,unverified,SYNTHETIC_DEVELOPMENT_DATA
SEVA_SYN_007487,SEVAK AI,2025-03-19 23:45:00,25,peak,270,52.89,0.8451,0.9707,False,False,8.54,26.25,77.07,manual,unverified,SYNTHETIC_DEVELOPMENT_DATA
SEVA_SYN_005272,SEVAK AI,2025-02-24 22:00:00,78,event,30,150.504,0.941,0.8717,False,False,14.29,28.03,74.71,system_log,unverified,SYNTHETIC_DEVELOPMENT_DATA
SEVA_SYN_005653,SEVAK AI,2025-02-28 21:15:00,78,peak,474,118.732,1.0,0.9964,False,False,0.7,29.52,81.14,system_log,unverified,SYNTHETIC_DEVELOPMENT_DATA
SEVA_SYN_003999,SEVAK AI,2025-02-11 15:45:00,54,peak,81,93.063,0.9543,0.8231,False,False,10.26,27.07,65.11,sensor,unverified,SYNTHETIC_DEVELOPMENT_DATA
SEVA_SYN_006033,SEVAK AI,2025-03-04 20:15:00,56,peak,434,75.746,0.9573,0.8696,False,False,12.46,24.07,63.32,synthetic_augmentation,verified,SYNTHETIC_DEVELOPMENT_DATA
SEVA_SYN_000582,SEVAK AI,2025-01-07 01:30:00,51,post_event,148,117.285,0.9492,0.883,False,False,19.64,20.43,55.19,sensor,unverified,SYNTHETIC_DEVELOPMENT_DATA
SEVA_SYN_009930,SEVAK AI,2025-04-14 10:30:00,8,event,406,301.116,0.9948,0.7299,False,False,14.02,16.21,66.14,synthetic_augmentation,sample_checked,SYNTHETIC_DEVELOPMENT_DATA
SEVA_SYN_007051,SEVAK AI,2025-03-15 10:45:00,62,event,428,124.85,0.8521,0.9296,False,False,21.42,26.29,35.29,synthetic_augmentation,unverified,SYNTHETIC_DEVELOPMENT_DATA
SEVA_SYN_008158,SEVAK AI,2025-03-26 23:30:00,85,normal,368,60.573,0.9276,0.9366,False,False,27.95,23.13,45.55,manual,sample_checked,SYNTHETIC_DEVELOPMENT_DATA
SEVA_SYN_009896,SEVAK AI,2025-04-14 02:00:00,89,pre_event,226,144.999,0.8362,0.8906,False,False,2.13,23.69,78.51,synthetic_augmentation,unverified,SYNTHETIC_DEVELOPMENT_DATA
SEVA_SYN_002249,SEVAK AI,2025-01-24 10:15:00,43,event,456,136.496,0.8969,0.9488,False,False,3.75,25.61,98.0,manual,sample_checked,SYNTHETIC_DEVELOPMENT_DATA
SEVA_SYN_004640,SEVAK AI,2025-02-18 08:00:00,75,normal,223,121.367,0.8685,0.9667,False,False,20.29,28.64,45.8,manual,unverified,SYNTHETIC_DEVELOPMENT_DATA
SEVA_SYN_009485,SEVAK AI,2025-04-09 19:15:00,85,normal,172,77.807,1.0,0.7103,False,False,8.7,34.08,41.47,sensor,unverified,SYNTHETIC_DEVELOPMENT_DATA
SEVA_SYN_004947,SEVAK AI,2025-02-21 12:45:00,3,pre_event,488,72.327,0.8064,0.9781,False,False,36.29,31.73,22.31,synthetic_augmentation,sample_checked,SYNTHETIC_DEVELOPMENT_DATA
SEVA_SYN_009920,SEVAK AI,2025-04-14 08:00:00,52,normal,274,91.559,0.9687,0.9034,False,False,29.57,27.33,64.58,sensor,unverified,SYNTHETIC_DEVELOPMENT_DATA
SEVA_SYN_001963,SEVAK AI,2025-01-21 10:45:00,18,normal,416,95.081,0.873,0.994,False,False,7.05,28.31,45.23,sensor,unverified,SYNTHETIC_DEVELOPMENT_DATA
SEVA_SYN_008243,SEVAK AI,2025-03-27 20:45:00,41,peak,247,107.679,1.0,0.9577,False,False,4.42,28.45,78.4,sensor,unverified,SYNTHETIC_DEVELOPMENT_DATA
SEVA_SYN_006590,SEVAK AI,2025-03-10 15:30:00,31,post_event,159,82.526,0.9329,0.7641,False,False,29.61,34.35,59.84,synthetic_augmentation,unverified,SYNTHETIC_DEVELOPMENT_DATA
SEVA_SYN_008847,SEVAK AI,2025-04-03 03:45:00,20,normal,217,39.548,0.9376,0.8606,True,False,19.33,31.0,62.78,sensor,unverified,SYNTHETIC_DEVELOPMENT_DATA
SEVA_SYN_000321,SEVAK AI,2025-01-04 08:15:00,50,normal,465,87.171,0.8475,0.9683,False,False,17.7,26.01,42.53,system_log,unverified,SYNTHETIC_DEVELOPMENT_DATA
SEVA_SYN_002678,SEVAK AI,2025-01-28 21:30:00,43,normal,344,101.211,0.9802,0.8126,False,False,6.05,22.8,29.12,public_feed,sample_checked,SYNTHETIC_DEVELOPMENT_DATA
SEVA_SYN_004625,SEVAK AI,2025-02-18 04:15:00,81,normal,22,51.133,0.9615,1.0,True,False,6.29,21.48,70.24,manual,verified,SYNTHETIC_DEVELOPMENT_DATA
SEVA_SYN_004949,SEVAK AI,2025-02-21 13:15:00,93,normal,496,62.51,0.9504,0.968,False,False,16.52,29.84,58.83,sensor,unverified,SYNTHETIC_DEVELOPMENT_DATA
SEVA_SYN_008328,SEVAK AI,2025-03-28 18:00:00,28,normal,181,144.951,0.8904,1.0,False,False,11.8,30.17,77.14,sensor,unverified,SYNTHETIC_DEVELOPMENT_DATA
SEVA_SYN_003337,SEVAK AI,2025-02-04 18:15:00,2,peak,261,97.803,0.8105,0.9362,False,False,16.52,22.65,73.89,sensor,unverified,SYNTHETIC_DEVELOPMENT_DATA
SEVA_SYN_005589,SEVAK AI,2025-02-28 05:15:00,85,normal,54,40.488,0.9909,0.9978,False,False,7.16,43.21,71.91,system_log,unverified,SYNTHETIC_DEVELOPMENT_DATA
SEVA_SYN_000251,SEVAK AI,2025-01-03 14:45:00,69,normal,31,144.805,0.8922,0.7914,False,False,20.58,29.0,44.73,manual,unverified,SYNTHETIC_DEVELOPMENT_DATA
SEVA_SYN_003973,SEVAK AI,2025-02-11 09:15:00,81,normal,123,116.518,0.8471,0.8718,False,False,18.35,25.44,77.92,public_feed,sample_checked,SYNTHETIC_DEVELOPMENT_DATA
SEVA_SYN_006630,SEVAK AI,2025-03-11 01:30:00,86,peak,311,106.681,0.919,0.8894,False,False,11.97,30.65,87.93,system_log,sample_checked,SYNTHETIC_DEVELOPMENT_DATA
SEVA_SYN_005547,SEVAK AI,2025-02-27 18:45:00,71,peak,488,108.233,0.8835,1.0,False,False,14.88,25.54,75.78,manual,unverified,SYNTHETIC_DEVELOPMENT_DATA
SEVA_SYN_000035,SEVAK AI,2025-01-01 08:45:00,42,normal,109,159.979,0.8735,0.9287,False,False,10.75,32.39,49.5,manual,unverified,SYNTHETIC_DEVELOPMENT_DATA
SEVA_SYN_008362,SEVAK AI,2025-03-29 02:30:00,22,pre_event,364,127.773,0.8947,0.7826,False,False,40.67,26.07,91.5,public_feed,unverified,SYNTHETIC_DEVELOPMENT_DATA
SEVA_SYN_001513,SEVAK AI,2025-01-16 18:15:00,90,normal,427,108.687,1.0,0.878,False,False,12.74,31.18,64.97,public_feed,verified,SYNTHETIC_DEVELOPMENT_DATA
SEVA_SYN_009317,SEVAK AI,2025-04-08 01:15:00,12,post_event,127,47.643,0.8738,0.9232,False,False,14.47,35.41,62.9,system_log,sample_checked,SYNTHETIC_DEVELOPMENT_DATA
SEVA_SYN_000039,SEVAK AI,2025-01-01 09:45:00,90,event,383,310.663,0.8597,0.8281,False,False,12.28,30.33,62.38,sensor,unverified,SYNTHETIC_DEVELOPMENT_DATA
SEVA_SYN_004819,SEVAK AI,2025-02-20 04:45:00,98,normal,396,116.887,0.8969,0.8272,False,False,6.33,37.59,72.95,system_log,sample_checked,SYNTHETIC_DEVELOPMENT_DATA
SEVA_SYN_003465,SEVAK AI,2025-02-06 02:15:00,76,event,97,164.117,0.9132,0.7766,False,False,2.36,32.35,46.44,manual,sample_checked,SYNTHETIC_DEVELOPMENT_DATA
SEVA_SYN_001760,SEVAK AI,2025-01-19 08:00:00,95,normal,120,126.549,0.94,0.8016,False,False,2.61,30.97,93.68,sensor,unverified,SYNTHETIC_DEVELOPMENT_DATA
SEVA_SYN_002304,SEVAK AI,2025-01-25 00:00:00,28,peak,260,100.158,0.6711,0.8618,False,False,26.13,29.43,39.03,public_feed,sample_checked,SYNTHETIC_DEVELOPMENT_DATA
SEVA_SYN_003723,SEVAK AI,2025-02-08 18:45:00,34,event,455,218.728,0.9157,0.7723,False,False,15.41,25.27,55.36,sensor,sample_checked,SYNTHETIC_DEVELOPMENT_DATA
SEVA_SYN_008284,SEVAK AI,2025-03-28 07:00:00,45,event,50,270.229,0.9682,0.8018,False,False,4.05,29.38,61.76,public_feed,unverified,SYNTHETIC_DEVELOPMENT_DATA
SEVA_SYN_004993,SEVAK AI,2025-02-22 00:15:00,80,peak,296,106.724,1.0,0.9919,False,False,18.44,30.67,78.31,sensor,sample_checked,SYNTHETIC_DEVELOPMENT_DATA
SEVA_SYN_008127,SEVAK AI,2025-03-26 15:45:00,38,event,423,254.864,0.9133,0.8663,False,False,5.11,25.95,53.85,synthetic_augmentation,unverified,SYNTHETIC_DEVELOPMENT_DATA
SEVA_SYN_003032,SEVAK AI,2025-02-01 14:00:00,9,normal,478,77.044,1.0,0.9224,False,False,2.32,31.91,52.79,synthetic_augmentation,unverified,SYNTHETIC_DEVELOPMENT_DATA
SEVA_SYN_007938,SEVAK AI,2025-03-24 16:30:00,94,event,69,200.068,0.9009,0.8115,False,False,21.37,27.56,75.41,synthetic_augmentation,unverified,SYNTHETIC_DEVELOPMENT_DATA
SEVA_SYN_003039,SEVAK AI,2025-02-01 15:45:00,66,normal,374,82.968,0.8922,1.0,False,False,10.81,16.84,64.9,system_log,unverified,SYNTHETIC_DEVELOPMENT_DATA
SEVA_SYN_009655,SEVAK AI,2025-04-11 13:45:00,99,peak,123,100.935,0.7614,0.9309,False,False,26.74,23.12,56.81,sensor,unverified,SYNTHETIC_DEVELOPMENT_DATA
SEVA_SYN_002545,SEVAK AI,2025-01-27 12:15:00,34,normal,155,67.722,0.9142,0.7859,False,False,9.47,20.72,76.99,manual,unverified,SYNTHETIC_DEVELOPMENT_DATA
SEVA_SYN_002592,SEVAK AI,2025-01-28 00:00:00,87,event,58,419.305,1.0,1.0,False,False,1.98,29.36,37.51,sensor,verified,SYNTHETIC_DEVELOPMENT_DATA
SEVA_SYN_001188,SEVAK AI,2025-01-13 09:00:00,63,event,491,258.839,0.8894,0.7889,False,False,7.7,25.71,44.64,system_log,unverified,SYNTHETIC_DEVELOPMENT_DATA
SEVA_SYN_007966,SEVAK AI,2025-03-24 23:30:00,74,peak,54,74.121,0.8679,1.0,False,False,17.14,31.06,34.48,sensor,verified,SYNTHETIC_DEVELOPMENT_DATA
SEVA_SYN_006077,SEVAK AI,2025-03-05 07:15:00,68,post_event,421,120.182,0.8948,0.8156,False,False,15.1,34.23,78.52,manual,sample_checked,SYNTHETIC_DEVELOPMENT_DATA
SEVA_SYN_000107,SEVAK AI,2025-01-02 02:45:00,18,normal,351,68.688,0.9256,1.0,False,False,26.18,26.84,65.03,sensor,unverified,SYNTHETIC_DEVELOPMENT_DATA
SEVA_SYN_001315,SEVAK AI,2025-01-14 16:45:00,20,normal,337,63.027,1.0,0.7918,False,False,23.35,29.3,52.27,public_feed,unverified,SYNTHETIC_DEVELOPMENT_DATA
SEVA_SYN_008187,SEVAK AI,2025-03-27 06:45:00,77,normal,346,114.002,0.9909,0.7136,False,False,14.99,32.7,43.38,system_log,unverified,SYNTHETIC_DEVELOPMENT_DATA
SEVA_SYN_002753,SEVAK AI,2025-01-29 16:15:00,7,normal,199,134.475,0.7547,0.929,False,False,13.61,29.56,80.16,sensor,unverified,SYNTHETIC_DEVELOPMENT_DATA
SEVA_SYN_009753,SEVAK AI,2025-04-12 14:15:00,8,event,416,282.539,1.0,0.8156,False,False,3.4,20.2,62.69,system_log,unverified,SYNTHETIC_DEVELOPMENT_DATA
SEVA_SYN_006231,SEVAK AI,2025-03-06 21:45:00,56,event,74,193.135,0.8999,0.9659,False,False,13.06,27.5,70.24,synthetic_augmentation,unverified,SYNTHETIC_DEVELOPMENT_DATA
SEVA_SYN_002876,SEVAK AI,2025-01-30 23:00:00,91,post_event,27,73.076,1.0,1.0,False,False,9.07,33.44,53.63,system_log,unverified,SYNTHETIC_DEVELOPMENT_DATA
SEVA_SYN_005323,SEVAK AI,2025-02-25 10:45:00,70,normal,42,101.308,0.956,1.0,False,False,11.51,23.4,59.82,manual,unverified,SYNTHETIC_DEVELOPMENT_DATA
SEVA_SYN_000799,SEVAK AI,2025-01-09 07:45:00,60,normal,432,101.932,0.8337,0.8623,False,False,26.22,28.18,37.68,sensor,unverified,SYNTHETIC_DEVELOPMENT_DATA
SEVA_SYN_003570,SEVAK AI,2025-02-07 04:30:00,5,normal,452,142.919,0.9351,1.0,False,False,14.27,38.15,43.44,synthetic_augmentation,sample_checked,SYNTHETIC_DEVELOPMENT_DATA
SEVA_SYN_002894,SEVAK AI,2025-01-31 03:30:00,53,normal,297,80.078,0.9497,0.9844,False,False,3.55,26.86,73.89,sensor,unverified,SYNTHETIC_DEVELOPMENT_DATA
SEVA_SYN_002927,SEVAK AI,2025-01-31 11:45:00,92,pre_event,25,103.716,0.9071,0.9077,False,False,40.12,23.26,49.08,sensor,unverified,SYNTHETIC_DEVELOPMENT_DATA
SEVA_SYN_008178,SEVAK AI,2025-03-27 04:30:00,40,event,328,164.583,0.8686,0.7773,False,False,34.14,33.52,90.89,manual,unverified,SYNTHETIC_DEVELOPMENT_DATA
SEVA_SYN_000971,SEVAK AI,2025-01-11 02:45:00,6,event,299,129.269,0.9139,0.7458,False,False,15.61,19.82,56.62,public_feed,sample_checked,SYNTHETIC_DEVELOPMENT_DATA
SEVA_SYN_006687,SEVAK AI,2025-03-11 15:45:00,5,normal,320,51.789,1.0,0.8958,False,False,15.41,28.89,52.84,synthetic_augmentation,unverified,SYNTHETIC_DEVELOPMENT_DATA
SEVA_SYN_008575,SEVAK AI,2025-03-31 07:45:00,88,normal,105,87.336,0.896,0.8759,True,False,4.28,22.21,46.01,public_feed,unverified,SYNTHETIC_DEVELOPMENT_DATA
SEVA_SYN_002020,SEVAK AI,2025-01-22 01:00:00,53,event,281,257.318,0.8697,0.9307,False,False,7.51,29.52,60.21,public_feed,unverified,SYNTHETIC_DEVELOPMENT_DATA
SEVA_SYN_009054,SEVAK AI,2025-04-05 07:30:00,64,event,88,547.92,0.9143,0.8895,False,False,14.05,35.24,67.97,synthetic_augmentation,unverified,SYNTHETIC_DEVELOPMENT_DATA
SEVA_SYN_000952,SEVAK AI,2025-01-10 22:00:00,59,event,362,239.285,0.9169,0.8921,False,False,70.79,35.34,69.78,sensor,unverified,SYNTHETIC_DEVELOPMENT_DATA
SEVA_SYN_005359,SEVAK AI,2025-02-25 19:45:00,59,event,389,159.585,0.793,0.9626,False,False,20.5,28.79,56.88,sensor,sample_checked,SYNTHETIC_DEVELOPMENT_DATA
SEVA_SYN_003857,SEVAK AI,2025-02-10 04:15:00,57,event,256,162.359,1.0,0.9058,False,False,29.11,29.53,40.97,manual,unverified,SYNTHETIC_DEVELOPMENT_DATA
SEVA_SYN_005861,SEVAK AI,2025-03-03 01:15:00,16,pre_event,161,82.962,0.9584,1.0,False,False,9.68,25.8,80.78,synthetic_augmentation,unverified,SYNTHETIC_DEVELOPMENT_DATA
SEVA_SYN_003145,SEVAK AI,2025-02-02 18:15:00,95,normal,112,93.745,0.8937,0.9244,False,False,6.94,16.93,65.8,public_feed,sample_checked,SYNTHETIC_DEVELOPMENT_DATA
SEVA_SYN_003305,SEVAK AI,2025-02-04 10:15:00,80,normal,147,126.95,0.8449,0.9764,False,False,22.85,24.55,71.88,sensor,sample_checked,SYNTHETIC_DEVELOPMENT_DATA
SEVA_SYN_003006,SEVAK AI,2025-02-01 07:30:00,26,event,223,280.127,0.8545,0.8765,False,False,12.66,33.76,61.35,sensor,sample_checked,SYNTHETIC_DEVELOPMENT_DATA
SEVA_SYN_009001,SEVAK AI,2025-04-04 18:15:00,65,post_event,321,99.525,0.8995,0.7677,False,False,11.0,30.77,61.67,system_log,unverified,SYNTHETIC_DEVELOPMENT_DATA
SEVA_SYN_007770,SEVAK AI,2025-03-22 22:30:00,36,post_event,242,138.845,0.9491,0.8694,False,False,7.97,19.86,74.16,system_log,unverified,SYNTHETIC_DEVELOPMENT_DATA
SEVA_SYN_007438,SEVAK AI,2025-03-19 11:30:00,74,peak,1,146.41,0.8042,0.8264,False,False,0.82,41.61,89.75,manual,verified,SYNTHETIC_DEVELOPMENT_DATA
SEVA_SYN_007942,SEVAK AI,2025-03-24 17:30:00,92,post_event,259,97.289,0.9585,0.8791,False,False,6.13,22.56,85.82,manual,unverified,SYNTHETIC_DEVELOPMENT_DATA
SEVA_SYN_009238,SEVAK AI,2025-04-07 05:30:00,9,normal,245,111.828,0.9526,0.8044,False,False,23.75,32.46,69.13,system_log,unverified,SYNTHETIC_DEVELOPMENT_DATA
SEVA_SYN_001056,SEVAK AI,2025-01-12 00:00:00,84,normal,20,83.023,0.9457,0.8817,False,False,27.86,27.85,36.87,synthetic_augmentation,sample_checked,SYNTHETIC_DEVELOPMENT_DATA
SEVA_SYN_003154,SEVAK AI,2025-02-02 20:30:00,41,normal,288,63.12,1.0,0.9808,False,False,19.47,28.53,78.86,public_feed,unverified,SYNTHETIC_DEVELOPMENT_DATA
SEVA_SYN_003787,SEVAK AI,2025-02-09 10:45:00,63,normal,9,119.316,1.0,0.6899,False,False,13.85,35.42,61.5,system_log,unverified,SYNTHETIC_DEVELOPMENT_DATA
SEVA_SYN_009189,SEVAK AI,2025-04-06 17:15:00,25,post_event,486,108.928,1.0,0.7087,False,False,20.0,26.04,56.99,manual,unverified,SYNTHETIC_DEVELOPMENT_DATA
SEVA_SYN_007825,SEVAK AI,2025-03-23 12:15:00,45,pre_event,466,137.844,0.8432,1.0,False,False,7.79,31.61,51.4,public_feed,unverified,SYNTHETIC_DEVELOPMENT_DATA
SEVA_SYN_007539,SEVAK AI,2025-03-20 12:45:00,57,normal,103,81.698,0.8616,0.8488,False,False,3.22,24.77,61.28,manual,unverified,SYNTHETIC_DEVELOPMENT_DATA
SEVA_SYN_007231,SEVAK AI,2025-03-17 07:45:00,84,post_event,240,55.073,0.8077,0.9523,False,False,8.9,31.64,48.15,manual,unverified,SYNTHETIC_DEVELOPMENT_DATA
SEVA_SYN_000764,SEVAK AI,2025-01-08 23:00:00,68,normal,15,53.317,1.0,0.8246,False,False,27.58,32.38,34.96,manual,verified,SYNTHETIC_DEVELOPMENT_DATA
SEVA_SYN_005019,SEVAK AI,2025-02-22 06:45:00,61,normal,220,131.101,0.9792,0.8496,False,True,9.3,40.09,50.85,manual,unverified,SYNTHETIC_DEVELOPMENT_DATA
SEVA_SYN_004903,SEVAK AI,2025-02-21 01:45:00,57,event,448,249.632,0.9122,1.0,False,False,5.56,26.92,55.15,synthetic_augmentation,sample_checked,SYNTHETIC_DEVELOPMENT_DATA
SEVA_SYN_008093,SEVAK AI,2025-03-26 07:15:00,1,normal,168,81.984,0.748,1.0,False,False,13.41,22.61,42.04,manual,verified,SYNTHETIC_DEVELOPMENT_DATA
SEVA_SYN_006843,SEVAK AI,2025-03-13 06:45:00,42,post_event,97,128.654,1.0,0.9552,False,False,33.21,32.23,58.53,sensor,unverified,SYNTHETIC_DEVELOPMENT_DATA
SEVA_SYN_002165,SEVAK AI,2025-01-23 13:15:00,48,peak,1,86.514,0.6822,0.8211,False,False,22.03,29.4,83.7,sensor,unverified,SYNTHETIC_DEVELOPMENT_DATA
SEVA_SYN_001862,SEVAK AI,2025-01-20 09:30:00,45,normal,69,122.909,0.8854,0.8537,False,False,36.44,35.2,52.38,sensor,unverified,SYNTHETIC_DEVELOPMENT_DATA
SEVA_SYN_007850,SEVAK AI,2025-03-23 18:30:00,97,peak,27,95.907,1.0,0.9459,False,False,27.17,26.98,49.26,sensor,unverified,SYNTHETIC_DEVELOPMENT_DATA
SEVA_SYN_009123,SEVAK AI,2025-04-06 00:45:00,99,normal,217,128.535,0.8374,0.923,False,False,6.26,33.8,85.74,manual,unverified,SYNTHETIC_DEVELOPMENT_DATA
SEVA_SYN_002340,SEVAK AI,2025-01-25 09:00:00,59,peak,315,148.336,0.9487,0.8944,False,False,11.08,34.01,73.7,system_log,unverified,SYNTHETIC_DEVELOPMENT_DATA
SEVA_SYN_005527,SEVAK AI,2025-02-27 13:45:00,93,peak,361,103.984,1.0,0.7742,False,False,19.41,17.48,92.73,manual,unverified,SYNTHETIC_DEVELOPMENT_DATA
SEVA_SYN_006743,SEVAK AI,2025-03-12 05:45:00,26,event,220,202.296,0.9151,0.8946,False,False,16.81,36.07,52.74,public_feed,sample_checked,SYNTHETIC_DEVELOPMENT_DATA
SEVA_SYN_004003,SEVAK AI,2025-02-11 16:45:00,7,normal,424,106.131,1.0,0.8881,False,False,3.22,30.61,83.99,manual,unverified,SYNTHETIC_DEVELOPMENT_DATA
SEVA_SYN_001123,SEVAK AI,2025-01-12 16:45:00,88,peak,81,77.226,0.9517,0.8202,False,False,16.03,16.42,70.96,synthetic_augmentation,unverified,SYNTHETIC_DEVELOPMENT_DATA
SEVA_SYN_008709,SEVAK AI,2025-04-01 17:15:00,33,normal,310,103.984,0.9928,0.9843,False,False,16.82,26.53,73.51,sensor,unverified,SYNTHETIC_DEVELOPMENT_DATA
SEVA_SYN_004049,SEVAK AI,2025-02-12 04:15:00,82,normal,176,74.111,0.9426,0.9863,False,False,4.24,31.3,67.47,sensor,unverified,SYNTHETIC_DEVELOPMENT_DATA
SEVA_SYN_007640,SEVAK AI,2025-03-21 14:00:00,39,normal,151,85.302,0.9558,0.7658,False,False,11.45,30.62,74.1,synthetic_augmentation,unverified,SYNTHETIC_DEVELOPMENT_DATA
SEVA_SYN_000765,SEVAK AI,2025-01-08 23:15:00,14,pre_event,148,80.195,0.8473,0.8556,False,False,4.87,32.02,29.2,synthetic_augmentation,unverified,SYNTHETIC_DEVELOPMENT_DATA
SEVA_SYN_002344,SEVAK AI,2025-01-25 10:00:00,11,normal,498,155.946,1.0,0.8962,False,False,18.64,30.95,90.34,system_log,unverified,SYNTHETIC_DEVELOPMENT_DATA
SEVA_SYN_004071,SEVAK AI,2025-02-12 09:45:00,11,normal,269,85.149,0.816,0.9766,False,False,4.01,30.95,84.8,system_log,sample_checked,SYNTHETIC_DEVELOPMENT_DATA
SEVA_SYN_007216,SEVAK AI,2025-03-17 04:00:00,42,event,161,209.573,1.0,0.8987,False,False,17.06,31.48,39.79,synthetic_augmentation,unverified,SYNTHETIC_DEVELOPMENT_DATA
SEVA_SYN_004216,SEVAK AI,2025-02-13 22:00:00,11,normal,416,98.34,0.8684,0.9581,True,False,26.4,33.57,27.71,sensor,unverified,SYNTHETIC_DEVELOPMENT_DATA
SEVA_SYN_007952,SEVAK AI,2025-03-24 20:00:00,65,post_event,141,118.411,1.0,1.0,False,False,7.62,26.78,63.69,manual,sample_checked,SYNTHETIC_DEVELOPMENT_DATA
SEVA_SYN_005970,SEVAK AI,2025-03-04 04:30:00,87,post_event,157,97.062,0.9423,0.9324,False,False,5.77,27.21,66.62,public_feed,sample_checked,SYNTHETIC_DEVELOPMENT_DATA
SEVA_SYN_003350,SEVAK AI,2025-02-04 21:30:00,29,normal,198,96.962,0.946,0.9994,False,False,7.75,29.62,74.58,manual,unverified,SYNTHETIC_DEVELOPMENT_DATA
SEVA_SYN_004695,SEVAK AI,2025-02-18 21:45:00,22,post_event,358,83.519,1.0,1.0,False,False,33.23,26.33,61.45,sensor,verified,SYNTHETIC_DEVELOPMENT_DATA
SEVA_SYN_003399,SEVAK AI,2025-02-05 09:45:00,93,post_event,2,87.789,0.9443,0.884,False,False,11.32,28.07,74.97,public_feed,unverified,SYNTHETIC_DEVELOPMENT_DATA
SEVA_SYN_004081,SEVAK AI,2025-02-12 12:15:00,90,normal,133,96.238,0.8902,1.0,False,False,1.87,29.68,51.34,synthetic_augmentation,unverified,SYNTHETIC_DEVELOPMENT_DATA
SEVA_SYN_009149,SEVAK AI,2025-04-06 07:15:00,63,peak,424,119.594,0.7813,0.8741,False,False,6.82,27.28,72.51,synthetic_augmentation,sample_checked,SYNTHETIC_DEVELOPMENT_DATA
SEVA_SYN_001224,SEVAK AI,2025-01-13 18:00:00,38,normal,424,50.245,0.8493,0.8399,False,True,8.29,30.38,88.16,public_feed,unverified,SYNTHETIC_DEVELOPMENT_DATA
SEVA_SYN_006292,SEVAK AI,2025-03-07 13:00:00,54,peak,163,120.571,0.8058,0.9036,False,False,5.7,21.91,98.04,sensor,unverified,SYNTHETIC_DEVELOPMENT_DATA
SEVA_SYN_003122,SEVAK AI,2025-02-02 12:30:00,30,peak,295,128.197,0.8751,0.9893,False,False,25.77,30.84,47.19,sensor,verified,SYNTHETIC_DEVELOPMENT_DATA
SEVA_SYN_000510,SEVAK AI,2025-01-06 07:30:00,90,peak,348,87.109,0.9758,0.9585,False,False,11.49,30.6,64.61,system_log,unverified,SYNTHETIC_DEVELOPMENT_DATA
SEVA_SYN_005794,SEVAK AI,2025-03-02 08:30:00,60,peak,73,94.375,1.0,1.0,False,False,4.53,27.14,24.14,public_feed,sample_checked,SYNTHETIC_DEVELOPMENT_DATA
SEVA_SYN_008181,SEVAK AI,2025-03-27 05:15:00,12,peak,174,97.736,0.9776,0.9027,False,False,25.88,37.46,47.64,system_log,unverified,SYNTHETIC_DEVELOPMENT_DATA
SEVA_SYN_009417,SEVAK AI,2025-04-09 02:15:00,19,pre_event,205,64.653,0.9017,0.8273,False,False,18.81,33.51,59.49,sensor,unverified,SYNTHETIC_DEVELOPMENT_DATA
SEVA_SYN_000096,SEVAK AI,2025-01-02 00:00:00,32,normal,67,78.954,0.8083,0.9424,False,False,7.96,27.39,49.43,manual,sample_checked,SYNTHETIC_DEVELOPMENT_DATA
SEVA_SYN_006681,SEVAK AI,2025-03-11 14:15:00,89,peak,488,78.79,0.8752,0.9014,False,False,18.42,29.46,80.33,manual,sample_checked,SYNTHETIC_DEVELOPMENT_DATA
SEVA_SYN_001512,SEVAK AI,2025-01-16 18:00:00,47,event,298,150.985,0.9297,0.9248,False,False,25.69,31.68,59.21,system_log,sample_checked,SYNTHETIC_DEVELOPMENT_DATA
SEVA_SYN_008791,SEVAK AI,2025-04-02 13:45:00,53,normal,477,96.229,0.8725,1.0,False,False,29.29,30.65,49.05,public_feed,unverified,SYNTHETIC_DEVELOPMENT_DATA
SEVA_SYN_000119,SEVAK AI,2025-01-02 05:45:00,66,normal,240,122.491,0.9021,0.7671,False,False,21.35,23.82,76.91,sensor,sample_checked,SYNTHETIC_DEVELOPMENT_DATA
SEVA_SYN_007791,SEVAK AI,2025-03-23 03:45:00,74,post_event,490,108.614,1.0,0.9012,False,False,12.75,32.25,64.97,sensor,verified,SYNTHETIC_DEVELOPMENT_DATA
SEVA_SYN_006517,SEVAK AI,2025-03-09 21:15:00,73,peak,55,66.248,0.88,0.9583,False,False,24.64,29.64,76.08,synthetic_augmentation,sample_checked,SYNTHETIC_DEVELOPMENT_DATA
SEVA_SYN_000033,SEVAK AI,2025-01-01 08:15:00,96,post_event,384,93.369,0.7533,0.8876,False,False,12.25,32.55,61.06,synthetic_augmentation,unverified,SYNTHETIC_DEVELOPMENT_DATA
SEVA_SYN_007887,SEVAK AI,2025-03-24 03:45:00,6,normal,424,106.538,1.0,0.8627,False,False,35.2,19.94,76.2,system_log,sample_checked,SYNTHETIC_DEVELOPMENT_DATA
SEVA_SYN_006830,SEVAK AI,2025-03-13 03:30:00,16,normal,84,123.896,0.9611,0.8845,False,False,6.92,33.13,64.16,public_feed,sample_checked,SYNTHETIC_DEVELOPMENT_DATA
SEVA_SYN_005421,SEVAK AI,2025-02-26 11:15:00,55,peak,193,81.354,0.9293,0.7666,False,False,41.0,32.64,53.0,sensor,sample_checked,SYNTHETIC_DEVELOPMENT_DATA
SEVA_SYN_001068,SEVAK AI,2025-01-12 03:00:00,20,normal,85,124.704,1.0,0.9015,True,False,9.97,20.39,54.46,synthetic_augmentation,verified,SYNTHETIC_DEVELOPMENT_DATA
SEVA_SYN_001347,SEVAK AI,2025-01-15 00:45:00,19,pre_event,16,138.619,0.895,0.8447,False,False,8.76,22.47,56.23,public_feed,sample_checked,SYNTHETIC_DEVELOPMENT_DATA
SEVA_SYN_004747,SEVAK AI,2025-02-19 10:45:00,22,pre_event,305,89.348,0.9719,0.931,False,False,1.85,28.31,51.67,manual,unverified,SYNTHETIC_DEVELOPMENT_DATA
SEVA_SYN_006005,SEVAK AI,2025-03-04 13:15:00,13,normal,35,105.532,0.905,0.8607,False,False,12.54,21.27,69.69,public_feed,unverified,SYNTHETIC_DEVELOPMENT_DATA
SEVA_SYN_006039,SEVAK AI,2025-03-04 21:45:00,39,pre_event,487,82.691,0.9623,0.7673,False,False,9.21,32.44,84.96,sensor,unverified,SYNTHETIC_DEVELOPMENT_DATA
SEVA_SYN_003817,SEVAK AI,2025-02-09 18:15:00,9,peak,59,120.806,1.0,0.8127,False,False,8.6,18.31,87.42,synthetic_augmentation,sample_checked,SYNTHETIC_DEVELOPMENT_DATA
SEVA_SYN_008446,SEVAK AI,2025-03-29 23:30:00,69,normal,429,135.624,0.7754,0.7534,False,False,2.84,36.2,42.31,system_log,unverified,SYNTHETIC_DEVELOPMENT_DATA
SEVA_SYN_005269,SEVAK AI,2025-02-24 21:15:00,75,normal,447,89.596,0.9925,1.0,False,False,13.49,30.07,84.18,public_feed,unverified,SYNTHETIC_DEVELOPMENT_DATA
SEVA_SYN_006897,SEVAK AI,2025-03-13 20:15:00,80,peak,164,117.798,0.8205,0.7705,False,False,35.38,31.62,60.35,system_log,unverified,SYNTHETIC_DEVELOPMENT_DATA
SEVA_SYN_005309,SEVAK AI,2025-02-25 07:15:00,83,event,33,214.848,0.6678,0.8208,False,False,5.72,30.28,50.72,synthetic_augmentation,unverified,SYNTHETIC_DEVELOPMENT_DATA
SEVA_SYN_000031,SEVAK AI,2025-01-01 07:45:00,2,peak,147,94.32,0.9122,0.8681,False,False,32.81,31.88,47.09,sensor,unverified,SYNTHETIC_DEVELOPMENT_DATA
SEVA_SYN_005674,SEVAK AI,2025-03-01 02:30:00,47,normal,225,70.992,0.9691,0.9295,False,False,43.28,30.71,61.93,system_log,sample_checked,SYNTHETIC_DEVELOPMENT_DATA
SEVA_SYN_004386,SEVAK AI,2025-02-15 16:30:00,35,post_event,34,98.471,0.8407,1.0,False,False,18.49,32.33,46.3,public_feed,unverified,SYNTHETIC_DEVELOPMENT_DATA
SEVA_SYN_000029,SEVAK AI,2025-01-01 07:15:00,36,normal,41,88.272,0.9009,0.8122,False,False,0.35,32.25,50.36,public_feed,unverified,SYNTHETIC_DEVELOPMENT_DATA
SEVA_SYN_004202,SEVAK AI,2025-02-13 18:30:00,23,normal,432,101.257,0.872,1.0,False,False,12.49,31.0,58.3,system_log,unverified,SYNTHETIC_DEVELOPMENT_DATA
SEVA_SYN_007507,SEVAK AI,2025-03-20 04:45:00,28,normal,325,109.939,1.0,0.9975,False,False,10.56,32.71,80.53,system_log,unverified,SYNTHETIC_DEVELOPMENT_DATA
SEVA_SYN_000735,SEVAK AI,2025-01-08 15:45:00,79,normal,140,69.469,0.9384,0.6238,False,False,9.38,25.61,43.66,sensor,sample_checked,SYNTHETIC_DEVELOPMENT_DATA
SEVA_SYN_002067,SEVAK AI,2025-01-22 12:45:00,29,normal,93,118.763,1.0,0.9586,False,False,26.55,34.31,40.72,sensor,verified,SYNTHETIC_DEVELOPMENT_DATA
SEVA_SYN_000106,SEVAK AI,2025-01-02 02:30:00,73,peak,43,142.775,1.0,0.8121,False,False,7.78,23.42,70.95,manual,unverified,SYNTHETIC_DEVELOPMENT_DATA
SEVA_SYN_009644,SEVAK AI,2025-04-11 11:00:00,62,event,201,280.376,0.961,0.8811,False,False,5.85,26.35,94.93,sensor,unverified,SYNTHETIC_DEVELOPMENT_DATA
SEVA_SYN_008894,SEVAK AI,2025-04-03 15:30:00,62,normal,371,75.654,0.9104,0.8335,False,False,15.33,29.98,96.22,sensor,unverified,SYNTHETIC_DEVELOPMENT_DATA
SEVA_SYN_008020,SEVAK AI,2025-03-25 13:00:00,8,normal,155,97.568,0.8708,0.9103,False,False,5.33,22.57,57.36,sensor,unverified,SYNTHETIC_DEVELOPMENT_DATA
SEVA_SYN_002232,SEVAK AI,2025-01-24 06:00:00,79,peak,219,112.309,0.9387,0.7737,False,False,29.98,34.35,59.17,manual,unverified,SYNTHETIC_DEVELOPMENT_DATA
SEVA_SYN_000993,SEVAK AI,2025-01-11 08:15:00,16,peak,435,75.785,0.8996,0.8966,False,False,11.9,28.42,28.43,sensor,unverified,SYNTHETIC_DEVELOPMENT_DATA
SEVA_SYN_009412,SEVAK AI,2025-04-09 01:00:00,51,post_event,473,115.065,0.9257,0.8767,False,False,4.03,27.96,66.38,manual,unverified,SYNTHETIC_DEVELOPMENT_DATA
SEVA_SYN_007058,SEVAK AI,2025-03-15 12:30:00,99,peak,336,113.098,0.9643,0.8359,False,False,8.7,31.05,36.94,public_feed,unverified,SYNTHETIC_DEVELOPMENT_DATA
SEVA_SYN_006789,SEVAK AI,2025-03-12 17:15:00,58,pre_event,310,80.348,0.8968,0.9854,False,False,21.73,30.39,60.67,sensor,unverified,SYNTHETIC_DEVELOPMENT_DATA
SEVA_SYN_000360,SEVAK AI,2025-01-04 18:00:00,5,event,363,196.203,0.9631,0.9251,False,False,18.69,27.01,68.44,public_feed,sample_checked,SYNTHETIC_DEVELOPMENT_DATA
SEVA_SYN_000304,SEVAK AI,2025-01-04 04:00:00,32,normal,308,76.598,0.9285,0.973,False,False,16.84,24.69,67.41,synthetic_augmentation,unverified,SYNTHETIC_DEVELOPMENT_DATA
SEVA_SYN_002627,SEVAK AI,2025-01-28 08:45:00,90,normal,113,132.046,0.8633,0.6378,False,False,30.75,21.96,90.92,system_log,unverified,SYNTHETIC_DEVELOPMENT_DATA
SEVA_SYN_008965,SEVAK AI,2025-04-04 09:15:00,72,pre_event,478,121.23,0.8639,1.0,False,False,14.2,25.65,68.72,system_log,unverified,SYNTHETIC_DEVELOPMENT_DATA
SEVA_SYN_004513,SEVAK AI,2025-02-17 00:15:00,18,post_event,438,84.61,0.976,0.8787,False,False,26.21,36.83,76.34,manual,unverified,SYNTHETIC_DEVELOPMENT_DATA
SEVA_SYN_005910,SEVAK AI,2025-03-03 13:30:00,55,peak,53,78.104,0.7611,0.6871,False,False,20.87,29.14,75.42,system_log,unverified,SYNTHETIC_DEVELOPMENT_DATA
SEVA_SYN_008313,SEVAK AI,2025-03-28 14:15:00,44,normal,94,117.926,0.8703,0.8958,False,False,23.17,31.7,50.22,system_log,unverified,SYNTHETIC_DEVELOPMENT_DATA
SEVA_SYN_003100,SEVAK AI,2025-02-02 07:00:00,78,normal,248,105.941,1.0,0.8282,False,False,3.7,34.0,66.77,manual,sample_checked,SYNTHETIC_DEVELOPMENT_DATA
SEVA_SYN_005703,SEVAK AI,2025-03-01 09:45:00,58,event,139,241.861,0.912,0.9779,False,False,18.6,25.71,75.83,synthetic_augmentation,unverified,SYNTHETIC_DEVELOPMENT_DATA
SEVA_SYN_003898,SEVAK AI,2025-02-10 14:30:00,48,normal,224,22.435,0.7782,0.7895,False,False,2.21,29.08,62.3,manual,sample_checked,SYNTHETIC_DEVELOPMENT_DATA
SEVA_SYN_005440,SEVAK AI,2025-02-26 16:00:00,49,post_event,445,143.163,1.0,0.7527,False,False,11.55,20.34,53.28,public_feed,unverified,SYNTHETIC_DEVELOPMENT_DATA
SEVA_SYN_007930,SEVAK AI,2025-03-24 14:30:00,100,event,498,128.685,0.9356,1.0,False,False,22.54,35.81,71.2,system_log,unverified,SYNTHETIC_DEVELOPMENT_DATA
SEVA_SYN_000621,SEVAK AI,2025-01-07 11:15:00,23,normal,47,133.217,0.9318,0.9955,False,False,5.48,17.44,53.49,manual,unverified,SYNTHETIC_DEVELOPMENT_DATA
SEVA_SYN_007235,SEVAK AI,2025-03-17 08:45:00,11,pre_event,401,107.071,0.9958,0.8807,False,False,8.94,27.63,63.12,system_log,unverified,SYNTHETIC_DEVELOPMENT_DATA
SEVA_SYN_002498,SEVAK AI,2025-01-27 00:30:00,91,peak,276,95.988,0.9528,0.8374,False,False,31.37,29.39,63.32,manual,verified,SYNTHETIC_DEVELOPMENT_DATA
SEVA_SYN_000713,SEVAK AI,2025-01-08 10:15:00,87,normal,313,77.654,0.9172,0.936,False,False,3.28,26.86,46.83,sensor,sample_checked,SYNTHETIC_DEVELOPMENT_DATA
SEVA_SYN_008403,SEVAK AI,2025-03-29 12:45:00,90,normal,198,119.163,1.0,0.8738,False,False,21.18,24.18,44.7,synthetic_augmentation,verified,SYNTHETIC_DEVELOPMENT_DATA
SEVA_SYN_002855,SEVAK AI,2025-01-30 17:45:00,46,normal,418,97.84,1.0,0.878,False,False,17.12,24.6,44.87,system_log,unverified,SYNTHETIC_DEVELOPMENT_DATA
SEVA_SYN_004269,SEVAK AI,2025-02-14 11:15:00,22,normal,156,114.449,0.939,0.8876,False,False,15.07,32.66,65.26,public_feed,unverified,SYNTHETIC_DEVELOPMENT_DATA
SEVA_SYN_002908,SEVAK AI,2025-01-31 07:00:00,96,post_event,287,116.397,0.9182,0.9596,False,False,2.79,26.85,54.48,sensor,sample_checked,SYNTHETIC_DEVELOPMENT_DATA
SEVA_SYN_008080,SEVAK AI,2025-03-26 04:00:00,84,post_event,285,125.329,0.9317,0.8006,False,False,8.81,27.56,36.92,manual,unverified,SYNTHETIC_DEVELOPMENT_DATA
SEVA_SYN_004516,SEVAK AI,2025-02-17 01:00:00,20,event,251,195.109,0.8211,1.0,False,False,1.91,28.88,57.17,manual,sample_checked,SYNTHETIC_DEVELOPMENT_DATA
SEVA_SYN_001261,SEVAK AI,2025-01-14 03:15:00,87,normal,82,102.848,0.9497,0.7945,False,False,10.17,35.49,65.54,sensor,unverified,SYNTHETIC_DEVELOPMENT_DATA
SEVA_SYN_003160,SEVAK AI,2025-02-02 22:00:00,79,peak,390,125.331,0.973,0.7938,False,False,21.23,27.57,82.46,system_log,unverified,SYNTHETIC_DEVELOPMENT_DATA
SEVA_SYN_000970,SEVAK AI,2025-01-11 02:30:00,29,pre_event,167,76.431,0.9017,0.7934,False,False,2.58,21.25,73.39,public_feed,unverified,SYNTHETIC_DEVELOPMENT_DATA
SEVA_SYN_003912,SEVAK AI,2025-02-10 18:00:00,49,pre_event,468,117.222,0.8587,0.7909,False,False,29.77,37.27,62.67,manual,unverified,SYNTHETIC_DEVELOPMENT_DATA
SEVA_SYN_005198,SEVAK AI,2025-02-24 03:30:00,8,normal,97,87.896,0.904,0.9981,False,False,34.49,17.02,65.42,synthetic_augmentation,unverified,SYNTHETIC_DEVELOPMENT_DATA
SEVA_SYN_008846,SEVAK AI,2025-04-03 03:30:00,67,peak,267,60.017,0.9253,0.9808,False,False,5.31,28.58,55.65,manual,unverified,SYNTHETIC_DEVELOPMENT_DATA
SEVA_SYN_000259,SEVAK AI,2025-01-03 16:45:00,79,pre_event,141,144.208,0.8898,0.8485,False,False,28.3,25.62,78.85,synthetic_augmentation,verified,SYNTHETIC_DEVELOPMENT_DATA
SEVA_SYN_003790,SEVAK AI,2025-02-09 11:30:00,9,normal,356,99.654,0.9736,0.9316,False,False,10.23,31.4,37.16,system_log,sample_checked,SYNTHETIC_DEVELOPMENT_DATA
SEVA_SYN_009202,SEVAK AI,2025-04-06 20:30:00,30,peak,120,117.184,0.9164,0.8904,False,False,31.68,19.65,79.74,public_feed,unverified,SYNTHETIC_DEVELOPMENT_DATA
SEVA_SYN_000487,SEVAK AI,2025-01-06 01:45:00,69,normal,227,101.895,0.8103,0.8564,False,False,1.92,20.34,44.37,sensor,unverified,SYNTHETIC_DEVELOPMENT_DATA
SEVA_SYN_007907,SEVAK AI,2025-03-24 08:45:00,22,post_event,500,100.35,0.9057,0.8688,False,False,19.17,22.53,70.78,sensor,sample_checked,SYNTHETIC_DEVELOPMENT_DATA
SEVA_SYN_000518,SEVAK AI,2025-01-06 09:30:00,93,peak,229,139.375,0.8733,0.8863,False,False,21.17,25.78,69.11,synthetic_augmentation,unverified,SYNTHETIC_DEVELOPMENT_DATA
SEVA_SYN_008342,SEVAK AI,2025-03-28 21:30:00,12,event,488,233.406,0.9087,1.0,False,False,42.08,26.65,76.67,sensor,sample_checked,SYNTHETIC_DEVELOPMENT_DATA
SEVA_SYN_000311,SEVAK AI,2025-01-04 05:45:00,31,normal,140,92.929,0.9411,0.8734,False,False,37.1,35.39,40.85,synthetic_augmentation,unverified,SYNTHETIC_DEVELOPMENT_DATA
SEVA_SYN_003231,SEVAK AI,2025-02-03 15:45:00,17,pre_event,70,159.233,0.9312,0.9488,False,False,8.62,24.89,78.11,public_feed,unverified,SYNTHETIC_DEVELOPMENT_DATA
SEVA_SYN_007932,SEVAK AI,2025-03-24 15:00:00,47,normal,248,64.353,0.8714,0.976,False,False,39.29,33.95,53.37,system_log,sample_checked,SYNTHETIC_DEVELOPMENT_DATA
SEVA_SYN_007457,SEVAK AI,2025-03-19 16:15:00,66,post_event,483,100.117,0.9057,0.9463,False,False,11.8,17.36,73.42,public_feed,unverified,SYNTHETIC_DEVELOPMENT_DATA
SEVA_SYN_009783,SEVAK AI,2025-04-12 21:45:00,34,event,118,137.034,0.87,0.7503,False,False,18.19,23.36,63.27,manual,unverified,SYNTHETIC_DEVELOPMENT_DATA
SEVA_SYN_005183,SEVAK AI,2025-02-23 23:45:00,10,normal,388,119.057,0.8471,0.9674,False,False,6.72,24.13,73.52,public_feed,unverified,SYNTHETIC_DEVELOPMENT_DATA
SEVA_SYN_008076,SEVAK AI,2025-03-26 03:00:00,25,pre_event,141,74.017,1.0,0.7173,False,False,45.66,25.86,81.73,sensor,unverified,SYNTHETIC_DEVELOPMENT_DATA
SEVA_SYN_006501,SEVAK AI,2025-03-09 17:15:00,63,normal,494,65.855,0.8979,1.0,False,False,16.21,24.88,81.89,system_log,unverified,SYNTHETIC_DEVELOPMENT_DATA
SEVA_SYN_006790,SEVAK AI,2025-03-12 17:30:00,92,normal,347,113.974,0.8911,0.988,False,False,11.76,28.04,88.68,public_feed,verified,SYNTHETIC_DEVELOPMENT_DATA
SEVA_SYN_007772,SEVAK AI,2025-03-22 23:00:00,73,event,329,245.526,0.93,0.8471,False,False,58.14,29.16,50.76,system_log,unverified,SYNTHETIC_DEVELOPMENT_DATA
SEVA_SYN_002737,SEVAK AI,2025-01-29 12:15:00,55,peak,276,93.317,0.7511,0.7107,False,False,31.88,31.78,76.37,synthetic_augmentation,unverified,SYNTHETIC_DEVELOPMENT_DATA
SEVA_SYN_007841,SEVAK AI,2025-03-23 16:15:00,91,pre_event,173,84.987,1.0,0.8141,False,False,1.2,28.74,100.0,system_log,unverified,SYNTHETIC_DEVELOPMENT_DATA
SEVA_SYN_006261,SEVAK AI,2025-03-07 05:15:00,3,peak,275,86.663,0.9491,0.9013,False,False,11.96,26.5,57.03,sensor,unverified,SYNTHETIC_DEVELOPMENT_DATA
SEVA_SYN_008205,SEVAK AI,2025-03-27 11:15:00,81,normal,492,123.254,1.0,0.8347,False,False,12.54,24.77,62.19,public_feed,verified,SYNTHETIC_DEVELOPMENT_DATA
SEVA_SYN_001247,SEVAK AI,2025-01-13 23:45:00,86,peak,404,69.955,0.8576,0.9401,False,False,35.51,28.31,86.83,synthetic_augmentation,verified,SYNTHETIC_DEVELOPMENT_DATA
SEVA_SYN_009335,SEVAK AI,2025-04-08 05:45:00,53,normal,160,91.494,1.0,0.8615,False,False,16.63,21.78,73.01,manual,sample_checked,SYNTHETIC_DEVELOPMENT_DATA
SEVA_SYN_004194,SEVAK AI,2025-02-13 16:30:00,60,normal,98,75.986,0.8409,1.0,False,False,8.01,20.58,62.22,synthetic_augmentation,unverified,SYNTHETIC_DEVELOPMENT_DATA
SEVA_SYN_008000,SEVAK AI,2025-03-25 08:00:00,11,event,121,328.21,0.7694,0.9689,False,False,16.56,25.93,81.08,system_log,unverified,SYNTHETIC_DEVELOPMENT_DATA
SEVA_SYN_007377,SEVAK AI,2025-03-18 20:15:00,55,normal,86,67.178,0.9595,0.8677,False,False,8.28,33.84,70.69,system_log,unverified,SYNTHETIC_DEVELOPMENT_DATA
SEVA_SYN_003434,SEVAK AI,2025-02-05 18:30:00,14,event,479,156.074,1.0,0.8086,False,False,14.59,22.75,57.79,manual,unverified,SYNTHETIC_DEVELOPMENT_DATA
SEVA_SYN_005381,SEVAK AI,2025-02-26 01:15:00,60,post_event,300,97.659,0.8396,0.9245,False,False,21.69,29.49,67.33,system_log,unverified,SYNTHETIC_DEVELOPMENT_DATA
SEVA_SYN_000958,SEVAK AI,2025-01-10 23:30:00,93,pre_event,90,94.181,1.0,0.7993,False,False,4.14,38.11,44.6,synthetic_augmentation,verified,SYNTHETIC_DEVELOPMENT_DATA
SEVA_SYN_000416,SEVAK AI,2025-01-05 08:00:00,44,post_event,498,120.136,1.0,0.9684,False,False,6.74,25.25,50.27,system_log,unverified,SYNTHETIC_DEVELOPMENT_DATA
SEVA_SYN_005741,SEVAK AI,2025-03-01 19:15:00,90,event,251,145.536,0.8852,0.9495,False,False,13.72,23.72,54.14,synthetic_augmentation,unverified,SYNTHETIC_DEVELOPMENT_DATA
SEVA_SYN_006727,SEVAK AI,2025-03-12 01:45:00,40,post_event,67,145.487,0.9423,0.8536,False,False,8.76,24.15,68.47,public_feed,unverified,SYNTHETIC_DEVELOPMENT_DATA
SEVA_SYN_004381,SEVAK AI,2025-02-15 15:15:00,72,post_event,305,104.665,0.8438,0.836,False,False,5.82,21.72,64.92,system_log,verified,SYNTHETIC_DEVELOPMENT_DATA
SEVA_SYN_005196,SEVAK AI,2025-02-24 03:00:00,72,normal,267,104.999,0.9091,0.8755,False,False,45.02,35.95,57.15,system_log,sample_checked,SYNTHETIC_DEVELOPMENT_DATA
SEVA_SYN_001112,SEVAK AI,2025-01-12 14:00:00,2,normal,21,157.586,1.0,0.7654,False,False,19.69,24.94,67.42,public_feed,sample_checked,SYNTHETIC_DEVELOPMENT_DATA
SEVA_SYN_002688,SEVAK AI,2025-01-29 00:00:00,67,normal,22,95.767,0.825,0.9943,False,False,4.92,28.9,68.18,manual,unverified,SYNTHETIC_DEVELOPMENT_DATA
SEVA_SYN_006472,SEVAK AI,2025-03-09 10:00:00,16,event,150,386.749,0.9055,0.9563,False,False,26.69,27.41,41.2,manual,verified,SYNTHETIC_DEVELOPMENT_DATA
SEVA_SYN_008819,SEVAK AI,2025-04-02 20:45:00,96,post_event,210,59.346,0.9246,0.9134,False,False,20.98,24.87,63.64,synthetic_augmentation,unverified,SYNTHETIC_DEVELOPMENT_DATA
SEVA_SYN_007807,SEVAK AI,2025-03-23 07:45:00,82,peak,437,98.153,0.7662,1.0,False,False,12.38,31.63,87.31,system_log,unverified,SYNTHETIC_DEVELOPMENT_DATA
SEVA_SYN_003410,SEVAK AI,2025-02-05 12:30:00,33,normal,428,134.295,0.9288,0.9144,False,False,12.41,23.81,47.51,synthetic_augmentation,unverified,SYNTHETIC_DEVELOPMENT_DATA
SEVA_SYN_000080,SEVAK AI,2025-01-01 20:00:00,89,peak,283,75.401,0.8488,0.8305,False,False,15.08,26.65,51.64,sensor,unverified,SYNTHETIC_DEVELOPMENT_DATA
SEVA_SYN_004613,SEVAK AI,2025-02-18 01:15:00,56,normal,401,88.865,0.9643,0.7522,False,False,6.27,27.22,71.08,public_feed,unverified,SYNTHETIC_DEVELOPMENT_DATA
SEVA_SYN_001373,SEVAK AI,2025-01-15 07:15:00,74,normal,199,123.23,0.9386,0.9099,False,False,12.5,26.33,58.11,system_log,sample_checked,SYNTHETIC_DEVELOPMENT_DATA
SEVA_SYN_001509,SEVAK AI,2025-01-16 17:15:00,42,peak,144,101.469,0.9166,0.7523,False,False,22.54,32.42,50.08,sensor,sample_checked,SYNTHETIC_DEVELOPMENT_DATA
SEVA_SYN_006442,SEVAK AI,2025-03-09 02:30:00,86,normal,376,123.336,0.8513,1.0,False,False,17.3,29.45,87.66,synthetic_augmentation,unverified,SYNTHETIC_DEVELOPMENT_DATA
SEVA_SYN_003070,SEVAK AI,2025-02-01 23:30:00,87,normal,50,97.184,0.9666,0.8383,False,False,50.26,14.22,84.38,system_log,verified,SYNTHETIC_DEVELOPMENT_DATA
SEVA_SYN_003015,SEVAK AI,2025-02-01 09:45:00,33,peak,393,90.157,0.7199,0.8086,False,False,36.99,28.07,37.08,system_log,unverified,SYNTHETIC_DEVELOPMENT_DATA
SEVA_SYN_004822,SEVAK AI,2025-02-20 05:30:00,42,normal,191,113.045,0.9153,0.9304,False,False,14.31,34.32,44.26,system_log,unverified,SYNTHETIC_DEVELOPMENT_DATA
